FIFA Ranking,Team,Total Points,Previous Points,Change in Points,Base Camp,Training Ground,Qualified as,Previous appearances
66,Albania,1379.4,1375.1,4.3,Kamen,SportCentrum Kaiserau,Group E winner,1
25,Austria,1560.03,1554.86,5.17,Berlin,Mommsenstadion,Group F runner-up,3
3,Belgium,1797.98,1795.23,2.75,Ludwigsburg,"Wasenstadion, SGV Freiberg am Neckar",Group F winner,6
9,Croatia,1728.3,1721.07,7.23,Neuruppin,Volksparkstadion,Group D runner-up,6
34,Czechia,1506.23,1501.47,4.76,Hamburg,Edmund-Plambeck-Stadion,Group E runner-up,10
21,Denmark,1610.76,1602.72,8.04,Freudenstadt,Hermann-Saam-Stadion,Group H winner,9
5,England,1787.88,1794.9,-7.02,Blankenhain,Golfresort Weimarer Land,Group C winner,10
2,France,1837.47,1840.59,-3.12,Bad Lippspringe,Home Deluxe Arena,Group B winner,10
74,Georgia,1338.91,1333.76,5.15,Velbert,SSVg Velbert,Play-off Path C winner,0
16,Germany,1646.78,1644.21,2.57,Herzogenaurach,Adidas Campus/HomeGround,Host,13
27,Hungary,1529.0,1532.2,-3.2,Weiler-Simmerberg,"Tannenhof Resort, Sport & Spa",Group G winner,4
10,Italy,1724.37,1724.6,-0.23,Iserlohn,Hemberg-Stadion,Group C runner-up,10
7,Netherlands,1746.66,1742.29,4.37,Wolfsburg,AOK Stadion,Group B runner-up,10
26,Poland,1541.49,1531.49,10.0,Hanover,Eilenriedestadion,Play-off Path A winner,4
6,Portugal,1747.04,1748.11,-1.07,Harsewinkel,Hotel-Residence Klosterpforte Marienfeld / Sports grounds,Group J winner,8
47,Romania,1462.35,1468.17,-5.82,Würzburg,Akon Arena,Group I winner,5
39,Scotland,1497.18,1497.46,-0.28,Garmisch-Partenkirchen,Stadion am Gröben,Group A runner-up,3
32,Serbia,1514.76,1514.2,0.56,Augsburg,Rosenaustadion,Group G runner-up,5
45,Slovakia,1467.77,1461.55,6.22,Mainz,Bruchwegstadion,Group J runner-up,5
57,Slovenia,1429.74,1427.84,1.9,Wuppertal,Stadion am Zoo,Group H runner-up,1
8,Spain,1729.92,1727.5,2.42,Donaueschingen,Der Öschberghof,Group A winner,11
19,Switzerland,1617.24,1616.41,0.83,Stuttgart,Gazi-Stadion auf der Waldau,Group I runner-up,5
42,Türkiye,1493.38,1495.94,-2.56,Barsinghausen,Sporthotel Fuchsbachtal,Group D winner,5
24,Ukraine,1565.37,1568.86,-3.49,Wiesbaden,Stadion am Halberg,Play-off Path B winner,3
